name,description,formula,csf_function,priority_rank,direction,target_value,target_units,owner_function,data_source,collection_frequency,current_value,notes,csf_category_code,csf_subcategory_code,csf_category_name,csf_subcategory_outcome
Board Cyber Briefing Frequency,Number of cybersecurity briefings provided to board of directors per year,Count of board presentations with cybersecurity risk content,gv,1,higher_is_better,4.0,per year,CISO,Executive calendar and meeting minutes,quarterly,4.0,Executive oversight engagement,GV.OC,GV.OC-05,Organizational Context,"Outcomes, roles, and responsibilities for cybersecurity risk management are established, communicated, and enforced"
Policy Compliance Rate,Percentage of organizational units meeting cybersecurity policy requirements,Compliant units / Total units * 100,gv,1,higher_is_better,95.0,%,GRC,Policy management system,monthly,87.3,Department policy adherence,GV.PO,GV.PO-01,Policy,"Policy for cybersecurity is established based on organizational context, cybersecurity strategy, and priorities and is communicated throughout the organization"
Cybersecurity Budget Allocation,Percentage of IT budget allocated to cybersecurity,Cybersecurity budget / Total IT budget * 100,gv,1,higher_is_better,8.0,%,CISO,Budget tracking system,quarterly,6.2,Industry benchmark 8-12%,GV.OC,GV.OC-02,Organizational Context,The organizational structure and resource allocation for cybersecurity are understood
CISO Direct Reporting to Executive Level,Executive level of CISO reporting relationship,Boolean check if CISO reports to CEO/COO level,gv,1,binary,1.0,boolean,CISO,Organizational chart,quarterly,1.0,C-level reporting structure,,,,
Cybersecurity Strategy Document Currency,Age of current cybersecurity strategy document,Months since last strategy update,gv,1,lower_is_better,12.0,months,CISO,Strategy documentation system,quarterly,8.0,Annual strategy refresh,,,,
Risk Assessment Frequency,Number of formal risk assessments conducted per year,Count of completed risk assessments,gv,2,higher_is_better,2.0,per year,GRC,Risk management system,quarterly,2.0,Semi-annual comprehensive reviews,GV.RM,GV.RM-01,Risk Management Strategy,"Cybersecurity risk management strategy is established, communicated, and enforced throughout the organization"
Security Training Completion Rate,Percentage of employees completing mandatory security training,Trained employees / Total employees * 100,gv,2,higher_is_better,95.0,%,HR/Training,Learning management system,monthly,92.1,Annual mandatory training,PR.AT,PR.AT-01,Awareness and Training,"Personnel are trained to perform their cybersecurity-related duties and responsibilities consistent with organizational policies, standards, and procedures"
Incident Response Plan Testing,Frequency of incident response plan testing and updates,Count of IR plan tests/exercises per year,gv,2,higher_is_better,2.0,per year,IR Team,Incident management system,quarterly,1.0,Tabletop and technical exercises,RS.RP,RS.RP-01,Response Planning,"A response plan that addresses roles, responsibilities, and communication protocols during and after an incident is developed and implemented"
Third-Party Risk Assessments,Percentage of critical vendors with current security assessments,Assessed vendors / Critical vendors * 100,gv,2,higher_is_better,90.0,%,Vendor Mgmt,Vendor risk management system,quarterly,78.4,Annual vendor reviews,GV.SC,GV.SC-04,Supply Chain Risk Management,Suppliers are evaluated and selected based on their security posture and ability to meet contractual cybersecurity requirements
Cybersecurity Governance Committee Meeting Frequency,Number of security governance committee meetings per quarter,Count of governance meetings per quarter,gv,2,higher_is_better,3.0,per quarter,CISO,Meeting management system,quarterly,2.0,Monthly governance meetings,GV.PO,GV.PO-01,Policy,"Policy for cybersecurity is established based on organizational context, cybersecurity strategy, and priorities and is communicated throughout the organization"
Risk Tolerance Statement Currency,Months since risk tolerance statement was updated,Months since last risk tolerance update,gv,2,lower_is_better,24.0,months,GRC,Risk management system,quarterly,18.0,Biennial review cycle,GV.RM,GV.RM-01,Risk Management Strategy,"Cybersecurity risk management strategy is established, communicated, and enforced throughout the organization"
Cybersecurity Maturity Assessment Score,Overall cybersecurity maturity score based on framework assessment,Weighted average of capability maturity scores,gv,2,higher_is_better,3.0,maturity level,GRC,Maturity assessment framework,quarterly,2.7,5-point maturity scale,GV.RM,GV.RM-01,Risk Management Strategy,"Cybersecurity risk management strategy is established, communicated, and enforced throughout the organization"
Security Investment ROI Measurement,Percentage of security investments with defined ROI metrics,Investments with ROI metrics / Total investments * 100,gv,2,higher_is_better,80.0,%,CISO,Investment tracking system,quarterly,65.2,Business case documentation,,,,
Executive Security Training Completion,Percentage of executives completing security awareness training,Trained executives / Total executives * 100,gv,2,higher_is_better,100.0,%,HR/Training,Learning management system,quarterly,88.9,C-level and VP training,,,,
Regulatory Compliance Assessment Score,Overall compliance score across applicable regulations,Weighted compliance score across all regulations,gv,1,higher_is_better,95.0,%,GRC,Compliance management system,quarterly,89.3,"SOX, GDPR, HIPAA, etc.",GV.PO,GV.PO-01,Policy,"Policy for cybersecurity is established based on organizational context, cybersecurity strategy, and priorities and is communicated throughout the organization"
Data Protection Officer Appointment,Whether a qualified DPO is appointed and active,Boolean check for active DPO appointment,gv,2,binary,1.0,boolean,GRC,HR system,quarterly,1.0,GDPR and privacy compliance,,,,
Cybersecurity Policy Review Cycle,Average age of cybersecurity policies since last review,Average months since policy review,gv,2,lower_is_better,12.0,months,GRC,Policy management system,quarterly,9.2,Annual policy review cycle,GV.PO,GV.PO-01,Policy,"Policy for cybersecurity is established based on organizational context, cybersecurity strategy, and priorities and is communicated throughout the organization"
Security Architecture Review Board Effectiveness,Percentage of architecture decisions reviewed by security board,Reviewed decisions / Total architecture decisions * 100,gv,2,higher_is_better,90.0,%,Security Architecture,Architecture review system,monthly,82.1,Design review process,GV.OV,GV.OV-01,Oversight,Cybersecurity risk management strategy outcomes are reviewed to inform and adjust strategy and direction
Cybersecurity Insurance Coverage Assessment,Percentage of identified cyber risks covered by insurance,Covered risks / Identified risks * 100,gv,3,higher_is_better,75.0,%,Risk Mgmt,Insurance policy documentation,quarterly,68.4,Cyber liability coverage,GV.RM,GV.RM-01,Risk Management Strategy,"Cybersecurity risk management strategy is established, communicated, and enforced throughout the organization"
Security Metrics Dashboard Currency,Days since security metrics dashboard was last updated,Days since last dashboard update,gv,3,lower_is_better,7.0,days,SecOps,Dashboard monitoring system,weekly,3.0,Weekly dashboard refresh,GV.OV,GV.OV-01,Oversight,Cybersecurity risk management strategy outcomes are reviewed to inform and adjust strategy and direction
Vendor Security Onboarding Time,Average days to complete security onboarding for new vendors,Sum of onboarding days / Number of new vendors,gv,3,lower_is_better,30.0,days,Vendor Mgmt,Vendor management system,monthly,42.1,Security assessment process,GV.SC,GV.SC-04,Supply Chain Risk Management,Suppliers are evaluated and selected based on their security posture and ability to meet contractual cybersecurity requirements
Business Continuity Governance Integration,Percentage of BC plans incorporating cybersecurity considerations,BC plans with cyber considerations / Total BC plans * 100,gv,3,higher_is_better,85.0,%,BCP,Business continuity system,quarterly,71.2,Cyber-resilience planning,GV.PO,GV.PO-01,Policy,"Policy for cybersecurity is established based on organizational context, cybersecurity strategy, and priorities and is communicated throughout the organization"
Security Awareness Campaign Effectiveness,Percentage improvement in security behavior metrics,Post-campaign improvement in behavior metrics,gv,3,higher_is_better,20.0,%,HR/Training,Behavior tracking system,quarterly,15.3,Phishing simulation improvements,,,,
Insider Threat Program Maturity,Maturity score of insider threat detection and response program,Weighted score across insider threat capabilities,gv,3,higher_is_better,3.0,maturity level,HR/Security,Insider threat platform,quarterly,2.4,5-point maturity scale,,,,
Security Budget Variance,Percentage variance between planned and actual security spending,Actual spend variance from budget * 100,gv,3,lower_is_better,10.0,%,CISO,Financial tracking system,monthly,7.8,Budget control metric,GV.OC,GV.OC-02,Organizational Context,The organizational structure and resource allocation for cybersecurity are understood
Third-Party Security Incident Notification Time,Average hours to receive security incident notifications from vendors,Sum notification times / Number of vendor incidents,gv,3,lower_is_better,4.0,hours,Vendor Mgmt,Incident tracking system,monthly,6.2,Vendor SLA requirement,GV.SC,GV.SC-04,Supply Chain Risk Management,Suppliers are evaluated and selected based on their security posture and ability to meet contractual cybersecurity requirements
Cybersecurity Legal Review Integration,Percentage of security policies reviewed by legal counsel,Legally reviewed policies / Total security policies * 100,gv,3,higher_is_better,100.0,%,Legal,Policy management system,quarterly,94.7,Legal compliance validation,GV.OV,GV.OV-01,Oversight,Cybersecurity risk management strategy outcomes are reviewed to inform and adjust strategy and direction
Security Culture Assessment Score,Employee security culture survey score,Average score from security culture survey,gv,2,higher_is_better,4.0,survey score,HR/Training,Survey platform,quarterly,3.6,5-point scale survey,GV.RM,GV.RM-01,Risk Management Strategy,"Cybersecurity risk management strategy is established, communicated, and enforced throughout the organization"
Business Risk Integration Score,Percentage of business risks with cybersecurity impact assessment,Business risks with cyber assessment / Total business risks * 100,gv,2,higher_is_better,90.0,%,GRC,Enterprise risk system,quarterly,76.3,Business-cyber risk linkage,GV.RM,GV.RM-01,Risk Management Strategy,"Cybersecurity risk management strategy is established, communicated, and enforced throughout the organization"
Security ROI Demonstration,Number of security investments with quantified business value,Count of investments with demonstrated ROI,gv,2,higher_is_better,5.0,per year,CISO,Investment tracking system,quarterly,3.0,Business value demonstration,,,,
Regulatory Change Management,Days to assess and implement new regulatory requirements,Average days from regulation change to compliance,gv,2,lower_is_better,90.0,days,GRC,Regulatory tracking system,monthly,73.2,Compliance change process,GV.RM,GV.RM-01,Risk Management Strategy,"Cybersecurity risk management strategy is established, communicated, and enforced throughout the organization"
Security Governance Documentation Currency,Percentage of governance documents updated within required timeframe,Current documents / Total governance documents * 100,gv,3,higher_is_better,90.0,%,GRC,Document management system,monthly,84.1,Documentation lifecycle management,GV.PO,GV.PO-01,Policy,"Policy for cybersecurity is established based on organizational context, cybersecurity strategy, and priorities and is communicated throughout the organization"
Executive Cyber Risk Reporting Quality,Quality score of cyber risk reports to executives,Weighted score of report completeness and clarity,gv,1,higher_is_better,4.0,quality score,CISO,Report quality assessment,monthly,3.7,5-point quality scale,GV.RM,GV.RM-01,Risk Management Strategy,"Cybersecurity risk management strategy is established, communicated, and enforced throughout the organization"
Crisis Communication Plan Testing,Frequency of crisis communication plan testing,Number of communication plan tests per year,gv,2,higher_is_better,2.0,per year,Communications,Crisis management system,quarterly,1.0,Communication readiness,,,,
Security Investment Portfolio Balance,Percentage of security budget allocated to preventive controls,Preventive spending / Total security spending * 100,gv,2,higher_is_better,60.0,%,CISO,Budget tracking system,quarterly,52.7,Prevention vs detection balance,GV.OC,GV.OC-02,Organizational Context,The organizational structure and resource allocation for cybersecurity are understood
Cybersecurity Skills Gap Assessment,Percentage of critical security roles with identified skills gaps,Roles with gaps / Total critical roles * 100,gv,3,lower_is_better,20.0,%,HR/Training,Skills assessment system,quarterly,28.4,Workforce planning metric,GV.RM,GV.RM-01,Risk Management Strategy,"Cybersecurity risk management strategy is established, communicated, and enforced throughout the organization"
Asset Inventory Accuracy,Percentage of IT assets accurately inventoried and classified,Known assets / Discovered assets * 100,id,1,higher_is_better,99.0,%,ITAM,Asset management system,weekly,96.7,Hardware and software assets,ID.AM,ID.AM-01,Asset Management,Physical devices and systems are inventoried within the organization
Vulnerability Scan Coverage,Percentage of assets covered by regular vulnerability scanning,Scanned assets / Total assets * 100,id,1,higher_is_better,100.0,%,SecOps,Vulnerability scanner,weekly,98.2,Weekly automated scans,ID.RA,ID.RA-03,Risk Assessment,Internal and external vulnerabilities are identified and characterized
Critical Vulnerability MTTF (Mean Time to Fix),Average time to remediate critical vulnerabilities,Sum of remediation times / Number of critical vulns,id,1,lower_is_better,7.0,days,IT Ops,Vulnerability management system,monthly,12.3,SLA target 7 days,ID.RA,ID.RA-03,Risk Assessment,Internal and external vulnerabilities are identified and characterized
Software Asset Inventory Accuracy,Percentage of software assets accurately inventoried,Known software / Discovered software * 100,id,1,higher_is_better,95.0,%,ITAM,Software asset management,weekly,91.4,Licensed and unlicensed software,ID.AM,ID.AM-01,Asset Management,Physical devices and systems are inventoried within the organization
Cloud Asset Visibility,Percentage of cloud resources with active monitoring and inventory,Monitored cloud assets / Total cloud assets * 100,id,1,higher_is_better,98.0,%,Cloud Security,Cloud management platform,daily,94.6,Multi-cloud visibility,ID.AM,ID.AM-01,Asset Management,Physical devices and systems are inventoried within the organization
Network Mapping Completeness,Percentage of network infrastructure documented and mapped,Documented network elements / Total elements * 100,id,2,higher_is_better,95.0,%,Network Ops,Network discovery tools,monthly,89.1,Network topology accuracy,,,,
Data Classification Completeness,Percentage of data assets properly classified by sensitivity,Classified data assets / Total data assets * 100,id,2,higher_is_better,90.0,%,Data Governance,Data classification tools,monthly,74.2,Sensitivity labeling program,ID.AM,ID.AM-01,Asset Management,Physical devices and systems are inventoried within the organization
External Attack Surface Discovery,Number of externally facing assets discovered vs known,Discovered external assets / Known external assets,id,2,higher_is_better,1.0,ratio,SecOps,External attack surface tools,weekly,1.12,Should be close to 1.0,ID.AM,ID.AM-01,Asset Management,Physical devices and systems are inventoried within the organization
Business Impact Analysis Coverage,Percentage of business processes with completed BIA,Analyzed processes / Critical processes * 100,id,3,higher_is_better,80.0,%,BCP,Business continuity system,quarterly,65.0,Recovery priority analysis,,,,
Third-Party Risk Assessment Currency,Percentage of vendors with current risk assessments,Current assessments / Total critical vendors * 100,id,2,higher_is_better,90.0,%,Vendor Mgmt,Third-party risk platform,quarterly,83.2,Annual vendor reviews,ID.RA,ID.RA-03,Risk Assessment,Internal and external vulnerabilities are identified and characterized
Data Flow Mapping Completeness,Percentage of critical data flows documented and mapped,Mapped data flows / Critical data flows * 100,id,2,higher_is_better,85.0,%,Data Governance,Data mapping tools,quarterly,72.8,Data lineage documentation,,,,
Hardware Asset Lifecycle Management,Percentage of hardware assets within supported lifecycle,Supported assets / Total hardware assets * 100,id,2,higher_is_better,95.0,%,ITAM,Asset management system,monthly,88.9,End-of-life tracking,ID.AM,ID.AM-01,Asset Management,Physical devices and systems are inventoried within the organization
Mobile Device Inventory Coverage,Percentage of mobile devices enrolled in management system,Managed devices / Total mobile devices * 100,id,2,higher_is_better,95.0,%,Mobile Security,Mobile device management,weekly,89.7,BYOD and corporate devices,ID.AM,ID.AM-01,Asset Management,Physical devices and systems are inventoried within the organization
IoT Device Discovery Rate,Percentage of IoT devices discovered and cataloged,Discovered IoT devices / Estimated IoT devices * 100,id,2,higher_is_better,80.0,%,Network Security,IoT discovery tools,weekly,67.3,Connected device management,,,,
Digital Certificate Inventory,Percentage of digital certificates tracked in inventory,Tracked certificates / Total certificates * 100,id,2,higher_is_better,95.0,%,PKI Management,Certificate management system,monthly,87.6,Certificate lifecycle tracking,ID.AM,ID.AM-01,Asset Management,Physical devices and systems are inventoried within the organization
DNS Asset Discovery,Percentage of DNS records mapped to known assets,Mapped DNS records / Total DNS records * 100,id,3,higher_is_better,90.0,%,Network Ops,DNS management system,weekly,81.4,Domain and subdomain tracking,ID.AM,ID.AM-01,Asset Management,Physical devices and systems are inventoried within the organization
Database Asset Classification,Percentage of databases classified by sensitivity level,Classified databases / Total databases * 100,id,2,higher_is_better,100.0,%,Data Security,Database discovery tools,monthly,92.3,Database sensitivity levels,ID.AM,ID.AM-01,Asset Management,Physical devices and systems are inventoried within the organization
Application Portfolio Completeness,Percentage of applications documented in portfolio,Documented apps / Total applications * 100,id,2,higher_is_better,95.0,%,App Security,Application portfolio system,monthly,86.1,Application inventory accuracy,,,,
Vendor Security Rating Timeliness,Percentage of vendors with current security ratings,Current ratings / Total vendors * 100,id,3,higher_is_better,85.0,%,Vendor Mgmt,Vendor risk platform,monthly,78.9,Quarterly rating updates,,,,
Shadow IT Discovery Rate,Percentage of unauthorized IT assets discovered monthly,Discovered shadow IT / Estimated shadow IT * 100,id,2,higher_is_better,75.0,%,SecOps,Shadow IT detection tools,monthly,68.2,Unauthorized asset identification,ID.AM,ID.AM-01,Asset Management,Physical devices and systems are inventoried within the organization
Physical Asset Security Classification,Percentage of physical assets classified by security level,Classified physical assets / Total physical assets * 100,id,3,higher_is_better,90.0,%,Physical Security,Asset management system,quarterly,82.7,Physical security zoning,ID.AM,ID.AM-01,Asset Management,Physical devices and systems are inventoried within the organization
Threat Intelligence Asset Context,Percentage of assets with threat intelligence context,Assets with TI context / Total assets * 100,id,3,higher_is_better,60.0,%,SecOps,Threat intelligence platform,weekly,47.3,Asset-specific threat context,ID.AM,ID.AM-01,Asset Management,Physical devices and systems are inventoried within the organization
Business Process Risk Assessment Coverage,Percentage of business processes with completed risk assessments,Assessed processes / Total critical processes * 100,id,2,higher_is_better,90.0,%,GRC,Business process system,quarterly,76.5,Process-level risk analysis,ID.RA,ID.RA-03,Risk Assessment,Internal and external vulnerabilities are identified and characterized
Supply Chain Visibility Score,Percentage visibility into critical supplier security practices,Suppliers with security visibility / Critical suppliers * 100,id,2,higher_is_better,80.0,%,Vendor Mgmt,Supply chain platform,quarterly,69.1,Supply chain transparency,,,,
Data Residency Mapping,Percentage of data with documented geographic location,Data with location info / Total sensitive data * 100,id,2,higher_is_better,95.0,%,Data Governance,Data residency tracking,monthly,84.3,Regulatory compliance support,,,,
API Inventory Completeness,Percentage of APIs documented in inventory,Documented APIs / Total APIs * 100,id,2,higher_is_better,90.0,%,App Security,API management platform,weekly,79.8,API discovery and cataloging,ID.AM,ID.AM-01,Asset Management,Physical devices and systems are inventoried within the organization
Vulnerability Age Distribution,Percentage of vulnerabilities older than 30 days,Vulnerabilities >30 days / Total vulnerabilities * 100,id,2,lower_is_better,25.0,%,SecOps,Vulnerability management system,weekly,32.1,Vulnerability aging analysis,ID.RA,ID.RA-03,Risk Assessment,Internal and external vulnerabilities are identified and characterized
Network Segmentation Discovery,Percentage of network segments properly documented,Documented segments / Total segments * 100,id,2,higher_is_better,95.0,%,Network Security,Network discovery tools,monthly,88.4,Segmentation visibility,,,,
Identity Provider Integration Coverage,Percentage of applications integrated with central identity provider,Integrated apps / Total apps * 100,id,3,higher_is_better,85.0,%,IAM,Identity management system,monthly,73.6,Single sign-on coverage,,,,
External Dependencies Documentation,Percentage of external dependencies documented,Documented dependencies / Total dependencies * 100,id,3,higher_is_better,80.0,%,Architecture,Dependency tracking system,quarterly,71.2,Third-party service mapping,,,,
Configuration Management Database Currency,Percentage of CMDB records updated within SLA,Current CMDB records / Total CMDB records * 100,id,2,higher_is_better,95.0,%,ITAM,Configuration management system,weekly,89.7,Asset configuration tracking,,,,
Backup Asset Coverage,Percentage of critical assets included in backup inventory,Assets in backup scope / Critical assets * 100,id,3,higher_is_better,100.0,%,Backup Admin,Backup management system,weekly,96.2,Backup scope verification,ID.AM,ID.AM-01,Asset Management,Physical devices and systems are inventoried within the organization
Intellectual Property Asset Classification,Percentage of IP assets classified by value and sensitivity,Classified IP assets / Total IP assets * 100,id,2,higher_is_better,90.0,%,Legal,IP management system,quarterly,81.5,Intellectual property protection,ID.AM,ID.AM-01,Asset Management,Physical devices and systems are inventoried within the organization
Remote Access Asset Inventory,Percentage of remote access points documented,Documented access points / Total access points * 100,id,2,higher_is_better,100.0,%,Network Security,Remote access management,weekly,93.4,VPN and remote access tracking,ID.AM,ID.AM-01,Asset Management,Physical devices and systems are inventoried within the organization
Container and Microservice Discovery,Percentage of containers and microservices in inventory,Inventoried containers / Total containers * 100,id,2,higher_is_better,85.0,%,Cloud Security,Container management platform,daily,77.9,Dynamic workload tracking,ID.AM,ID.AM-01,Asset Management,Physical devices and systems are inventoried within the organization
MFA Coverage (Privileged Accounts),Percentage of privileged accounts protected with multi-factor authentication,Privileged accounts with MFA / Total privileged accounts * 100,pr,1,higher_is_better,100.0,%,IAM,Identity management system,weekly,94.2,Admin and service accounts,PR.AA,PR.AA-03,"Identity Management, Authentication and Access Control","Users, assets, and other subjects are authenticated prior to being granted access to systems and assets"
Patch Compliance (Critical Severity),Percentage of critical patches applied within SLA,Patched systems / Systems needing patches * 100,pr,1,higher_is_better,90.0,%,IT Ops,Patch management system,weekly,82.7,30-day SLA for critical,PR.MA,PR.MA-01,Maintenance,"System maintenance, troubleshooting, and repair are performed using approved and controlled tools"
Email Security Gateway Effectiveness,Percentage of malicious emails blocked by email security,Blocked malicious emails / Total malicious emails * 100,pr,1,higher_is_better,99.0,%,SecOps,Email security system,daily,97.8,Anti-phishing and malware,PR.PT,PR.PT-02,Protective Technology,"System security configurations are established, documented, implemented, maintained, and reviewed"
Endpoint Protection Coverage,Percentage of endpoints with active security agent,Protected endpoints / Total endpoints * 100,pr,1,higher_is_better,100.0,%,IT Ops,Endpoint management system,daily,99.1,EDR/antivirus deployment,PR.PT,PR.PT-02,Protective Technology,"System security configurations are established, documented, implemented, maintained, and reviewed"
Zero Trust Architecture Implementation,Percentage of Zero Trust principles implemented,Implemented ZT principles / Total ZT principles * 100,pr,1,higher_is_better,70.0,%,Security Architecture,Zero Trust platform,quarterly,42.8,"Never trust, always verify",,,,
Data Encryption at Rest,Percentage of sensitive data encrypted at rest,Encrypted sensitive data / Total sensitive data * 100,pr,2,higher_is_better,95.0,%,Data Security,Data loss prevention system,monthly,89.3,Database and file encryption,PR.DS,PR.DS-01,Data Security,"The confidentiality, integrity, and availability of data-at-rest are protected"
Network Segmentation Compliance,Percentage of network segments properly configured,Compliant segments / Total segments * 100,pr,2,higher_is_better,90.0,%,Network Security,Network monitoring tools,monthly,85.1,VLAN and firewall rules,,,,
Access Review Completion Rate,Percentage of scheduled access reviews completed on time,Completed reviews / Scheduled reviews * 100,pr,2,higher_is_better,95.0,%,IAM,Identity governance system,monthly,88.7,Quarterly access certifications,PR.AA,PR.AA-03,"Identity Management, Authentication and Access Control","Users, assets, and other subjects are authenticated prior to being granted access to systems and assets"
Backup Success Rate,Percentage of scheduled backups completed successfully,Successful backups / Total backup attempts * 100,pr,2,higher_is_better,98.0,%,Backup Admin,Backup monitoring system,daily,96.4,Daily automated backups,PR.DS,PR.DS-09,Data Security,The confidentiality of backup data is protected
Security Configuration Compliance,Percentage of systems meeting security configuration standards,Compliant systems / Total systems * 100,pr,3,higher_is_better,85.0,%,IT Ops,Configuration management,weekly,81.2,CIS benchmarks and hardening,PR.PT,PR.PT-02,Protective Technology,"System security configurations are established, documented, implemented, maintained, and reviewed"
Web Application Firewall Coverage,Percentage of web applications protected by WAF,Protected web apps / Total web apps * 100,pr,3,higher_is_better,90.0,%,App Security,WAF management system,weekly,76.3,External-facing applications,,,,
Privileged Access Management Coverage,Percentage of privileged accounts under PAM control,PAM-controlled accounts / Total privileged accounts * 100,pr,1,higher_is_better,95.0,%,IAM,Privileged access management,weekly,87.9,Administrative account protection,PR.AA,PR.AA-03,"Identity Management, Authentication and Access Control","Users, assets, and other subjects are authenticated prior to being granted access to systems and assets"
Data Loss Prevention Policy Enforcement,Percentage of DLP policies actively enforced,Enforced DLP policies / Total DLP policies * 100,pr,2,higher_is_better,90.0,%,Data Security,Data loss prevention system,weekly,83.6,Data protection rule enforcement,PR.DS,PR.DS-01,Data Security,"The confidentiality, integrity, and availability of data-at-rest are protected"
Application Security Testing Coverage,Percentage of applications with current security testing,Tested applications / Total applications * 100,pr,2,higher_is_better,80.0,%,App Security,Application security platform,monthly,71.4,"SAST, DAST, and IAST coverage",PR.PT,PR.PT-02,Protective Technology,"System security configurations are established, documented, implemented, maintained, and reviewed"
Secure Code Review Coverage,Percentage of code commits with security review,Reviewed commits / Total commits * 100,pr,2,higher_is_better,70.0,%,DevSec,Code review system,weekly,58.3,Security-focused code review,PR.PT,PR.PT-02,Protective Technology,"System security configurations are established, documented, implemented, maintained, and reviewed"
API Security Gateway Coverage,Percentage of APIs protected by security gateway,Protected APIs / Total APIs * 100,pr,2,higher_is_better,85.0,%,App Security,API security platform,weekly,69.7,API protection and monitoring,PR.PT,PR.PT-02,Protective Technology,"System security configurations are established, documented, implemented, maintained, and reviewed"
Mobile Device Management Enrollment,Percentage of mobile devices enrolled in MDM,Enrolled devices / Total mobile devices * 100,pr,2,higher_is_better,95.0,%,Mobile Security,Mobile device management,weekly,88.1,Corporate and BYOD devices,,,,
Cloud Security Posture Management,Percentage of cloud misconfigurations remediated,Remediated misconfigs / Total misconfigurations * 100,pr,2,higher_is_better,85.0,%,Cloud Security,CSPM platform,daily,78.9,Cloud configuration compliance,PR.PT,PR.PT-02,Protective Technology,"System security configurations are established, documented, implemented, maintained, and reviewed"
Network Access Control Enforcement,Percentage of network access attempts validated by NAC,NAC-validated access / Total access attempts * 100,pr,2,higher_is_better,95.0,%,Network Security,Network access control system,daily,91.3,Network access validation,PR.AA,PR.AA-03,"Identity Management, Authentication and Access Control","Users, assets, and other subjects are authenticated prior to being granted access to systems and assets"
Password Policy Compliance,Percentage of user accounts meeting password policy requirements,Compliant passwords / Total user accounts * 100,pr,2,higher_is_better,98.0,%,IAM,Password management system,weekly,94.7,Password strength and rotation,,,,
Certificate Management Compliance,Percentage of certificates with valid expiration dates,Valid certificates / Total certificates * 100,pr,2,higher_is_better,95.0,%,PKI Management,Certificate management system,weekly,91.8,Certificate lifecycle management,,,,
Secure Software Development Lifecycle,Percentage of development projects following secure SDLC,Secure SDLC projects / Total projects * 100,pr,2,higher_is_better,80.0,%,DevSec,Development project tracking,monthly,67.2,Security-by-design implementation,,,,
Data Masking Implementation,Percentage of sensitive data sources with masking controls,Masked data sources / Sensitive data sources * 100,pr,3,higher_is_better,75.0,%,Data Security,Data masking platform,monthly,61.4,Production data protection,PR.DS,PR.DS-01,Data Security,"The confidentiality, integrity, and availability of data-at-rest are protected"
File Integrity Monitoring Coverage,Percentage of critical systems with FIM implementation,FIM-enabled systems / Critical systems * 100,pr,3,higher_is_better,85.0,%,SecOps,File integrity monitoring,weekly,78.5,Critical file change detection,,,,
Database Activity Monitoring,Percentage of databases with active monitoring,Monitored databases / Total databases * 100,pr,3,higher_is_better,90.0,%,Data Security,Database security platform,daily,83.7,Database access monitoring,PR.DS,PR.DS-01,Data Security,"The confidentiality, integrity, and availability of data-at-rest are protected"
IoT Device Security Management,Percentage of IoT devices with security management,Managed IoT devices / Total IoT devices * 100,pr,3,higher_is_better,70.0,%,IoT Security,IoT management platform,weekly,54.2,Connected device security,PR.PT,PR.PT-02,Protective Technology,"System security configurations are established, documented, implemented, maintained, and reviewed"
Virtualization Security Implementation,Percentage of virtual environments with security controls,Secured virtual environments / Total virtual environments * 100,pr,3,higher_is_better,85.0,%,Virtualization,Virtual security platform,weekly,79.3,VM and hypervisor security,PR.PT,PR.PT-02,Protective Technology,"System security configurations are established, documented, implemented, maintained, and reviewed"
Wireless Network Security Configuration,Percentage of wireless networks with proper security configuration,Secure wireless networks / Total wireless networks * 100,pr,2,higher_is_better,100.0,%,Network Security,Wireless management system,weekly,96.1,WiFi security standards,PR.PT,PR.PT-02,Protective Technology,"System security configurations are established, documented, implemented, maintained, and reviewed"
Container Security Scanning,Percentage of containers scanned for vulnerabilities,Scanned containers / Total containers * 100,pr,2,higher_is_better,95.0,%,Container Security,Container scanning platform,daily,87.4,Container vulnerability management,PR.PT,PR.PT-02,Protective Technology,"System security configurations are established, documented, implemented, maintained, and reviewed"
Encryption Key Management,Percentage of encryption keys under centralized management,Managed keys / Total encryption keys * 100,pr,2,higher_is_better,90.0,%,Crypto Management,Key management system,monthly,82.6,Cryptographic key lifecycle,PR.DS,PR.DS-01,Data Security,"The confidentiality, integrity, and availability of data-at-rest are protected"
Third-Party Security Integration,Percentage of third-party integrations with security validation,Validated integrations / Total integrations * 100,pr,3,higher_is_better,75.0,%,Integration Security,API management platform,monthly,63.8,Third-party service security,PR.PT,PR.PT-02,Protective Technology,"System security configurations are established, documented, implemented, maintained, and reviewed"
Security Awareness Training Effectiveness,Percentage improvement in phishing simulation results,Post-training improvement in phishing resistance,pr,2,higher_is_better,30.0,%,Security Training,Phishing simulation platform,quarterly,24.7,Behavioral security improvement,PR.AT,PR.AT-01,Awareness and Training,"Personnel are trained to perform their cybersecurity-related duties and responsibilities consistent with organizational policies, standards, and procedures"
Remote Work Security Compliance,Percentage of remote workers meeting security requirements,Compliant remote workers / Total remote workers * 100,pr,2,higher_is_better,90.0,%,Remote Security,Remote work monitoring,weekly,84.3,Work-from-home security,PR.PT,PR.PT-02,Protective Technology,"System security configurations are established, documented, implemented, maintained, and reviewed"
Software Composition Analysis Coverage,Percentage of applications with SCA scanning,SCA-scanned applications / Total applications * 100,pr,3,higher_is_better,70.0,%,App Security,SCA platform,weekly,58.9,Open source vulnerability scanning,,,,
Incident Response Automation Coverage,Percentage of incident types with automated response,Automated incident types / Total incident types * 100,pr,3,higher_is_better,60.0,%,IR Automation,SOAR platform,monthly,43.7,Security orchestration coverage,,,,
Cloud Access Security Broker Implementation,Percentage of cloud services under CASB protection,CASB-protected services / Total cloud services * 100,pr,2,higher_is_better,85.0,%,Cloud Security,CASB platform,weekly,71.2,Cloud service protection,PR.AA,PR.AA-03,"Identity Management, Authentication and Access Control","Users, assets, and other subjects are authenticated prior to being granted access to systems and assets"
Vendor Access Control,Percentage of vendor access sessions monitored,Monitored vendor sessions / Total vendor sessions * 100,pr,2,higher_is_better,100.0,%,Vendor Management,Vendor access platform,daily,93.6,Third-party access oversight,PR.AA,PR.AA-03,"Identity Management, Authentication and Access Control","Users, assets, and other subjects are authenticated prior to being granted access to systems and assets"
Security Token Management,Percentage of security tokens with lifecycle management,Managed tokens / Total security tokens * 100,pr,3,higher_is_better,85.0,%,Token Management,Token lifecycle platform,weekly,76.8,Authentication token security,PR.PT,PR.PT-02,Protective Technology,"System security configurations are established, documented, implemented, maintained, and reviewed"
Distributed Denial of Service Protection,Percentage of critical services with DDoS protection,DDoS-protected services / Critical services * 100,pr,2,higher_is_better,100.0,%,Network Security,DDoS protection platform,daily,94.7,Service availability protection,,,,
Security Baseline Compliance,Percentage of systems meeting security baseline requirements,Baseline-compliant systems / Total systems * 100,pr,2,higher_is_better,90.0,%,Security Architecture,Baseline management system,weekly,85.9,Security configuration standards,PR.PT,PR.PT-02,Protective Technology,"System security configurations are established, documented, implemented, maintained, and reviewed"
Data Rights Management Implementation,Percentage of sensitive documents under rights management,Rights-managed documents / Sensitive documents * 100,pr,3,higher_is_better,60.0,%,Data Protection,Rights management system,monthly,47.3,Document access control,PR.DS,PR.DS-01,Data Security,"The confidentiality, integrity, and availability of data-at-rest are protected"
Physical Security Integration,Percentage of digital systems integrated with physical security,Integrated systems / Total critical systems * 100,pr,3,higher_is_better,70.0,%,Physical Security,Integrated security platform,quarterly,58.1,Digital-physical security convergence,PR.PT,PR.PT-02,Protective Technology,"System security configurations are established, documented, implemented, maintained, and reviewed"
Security Orchestration Platform Coverage,Percentage of security tools integrated in orchestration platform,Integrated tools / Total security tools * 100,pr,3,higher_is_better,75.0,%,Security Operations,SOAR platform,monthly,61.9,Security tool integration,PR.PT,PR.PT-02,Protective Technology,"System security configurations are established, documented, implemented, maintained, and reviewed"
Threat Modeling Coverage,Percentage of critical applications with threat models,Threat-modeled apps / Critical applications * 100,pr,2,higher_is_better,60.0,%,Security Architecture,Threat modeling platform,quarterly,44.2,Application threat analysis,,,,
Mean Time to Detect (MTTD),Average time from security event to detection,Sum of detection times / Number of incidents,de,1,lower_is_better,24.0,hours,SecOps,SIEM system,monthly,18.7,Key detection performance indicator,DE.AE,DE.AE-01,Anomalies and Events,"Networks, systems, and assets are monitored to identify potentially malicious activity"
Security Event Monitoring Coverage,Percentage of critical systems with active monitoring,Monitored systems / Critical systems * 100,de,1,higher_is_better,100.0,%,SecOps,SIEM system,weekly,97.5,24/7 monitoring capability,DE.CM,DE.CM-01,Continuous Security Monitoring,Networks and network services are monitored
False Positive Rate,Percentage of security alerts that are false positives,False positive alerts / Total alerts * 100,de,2,lower_is_better,20.0,%,SecOps,SIEM system,monthly,28.3,Alert tuning effectiveness,DE.AE,DE.AE-01,Anomalies and Events,"Networks, systems, and assets are monitored to identify potentially malicious activity"
Log Retention Compliance,Percentage of systems meeting log retention requirements,Compliant log retention / Total systems * 100,de,2,higher_is_better,95.0,%,IT Ops,Log management system,monthly,91.2,Regulatory compliance,DE.CM,DE.CM-01,Continuous Security Monitoring,Networks and network services are monitored
Threat Intelligence Integration,Number of threat intelligence feeds actively integrated,Count of active threat intel feeds,de,2,higher_is_better,5.0,count,SecOps,Threat intelligence platform,monthly,3.0,IOC and TTP integration,,,,
Network Traffic Analysis Coverage,Percentage of network traffic analyzed for threats,Analyzed traffic / Total traffic * 100,de,3,higher_is_better,80.0,%,Network Security,Network monitoring tools,weekly,72.1,Deep packet inspection,DE.CM,DE.CM-01,Continuous Security Monitoring,Networks and network services are monitored
Anomaly Detection Effectiveness,Percentage of actual threats identified by anomaly detection,Detected threats / Total threats * 100,de,3,higher_is_better,70.0,%,SecOps,UEBA system,monthly,63.2,Behavioral analysis accuracy,DE.AE,DE.AE-01,Anomalies and Events,"Networks, systems, and assets are monitored to identify potentially malicious activity"
Security Alert Response Time,Average time to initial response for security alerts,Sum of response times / Number of alerts,de,2,lower_is_better,15.0,minutes,SecOps,SIEM system,daily,22.4,Alert response speed,DE.AE,DE.AE-01,Anomalies and Events,"Networks, systems, and assets are monitored to identify potentially malicious activity"
User Behavior Analytics Coverage,Percentage of users covered by behavioral monitoring,Monitored users / Total users * 100,de,2,higher_is_better,80.0,%,SecOps,UEBA platform,weekly,73.6,User activity monitoring,DE.CM,DE.CM-01,Continuous Security Monitoring,Networks and network services are monitored
Threat Hunting Success Rate,Percentage of threat hunts resulting in actionable findings,Successful hunts / Total hunts * 100,de,2,higher_is_better,40.0,%,Threat Hunting,Threat hunting platform,monthly,31.8,Proactive threat discovery,,,,
Security Event Correlation Effectiveness,Percentage of related security events properly correlated,Correlated events / Related events * 100,de,2,higher_is_better,75.0,%,SecOps,SIEM system,weekly,68.9,Event relationship detection,DE.AE,DE.AE-01,Anomalies and Events,"Networks, systems, and assets are monitored to identify potentially malicious activity"
Malware Detection Rate,Percentage of malware samples detected by security controls,Detected malware / Total malware samples * 100,de,1,higher_is_better,95.0,%,SecOps,Malware detection platform,daily,92.4,Malware protection effectiveness,DE.AE,DE.AE-01,Anomalies and Events,"Networks, systems, and assets are monitored to identify potentially malicious activity"
Insider Threat Detection Coverage,Percentage of insider threat indicators monitored,Monitored indicators / Total indicators * 100,de,2,higher_is_better,70.0,%,Insider Threat,Insider threat platform,weekly,58.7,Internal threat monitoring,DE.CM,DE.CM-01,Continuous Security Monitoring,Networks and network services are monitored
Cloud Security Monitoring Coverage,Percentage of cloud resources with active monitoring,Monitored cloud resources / Total cloud resources * 100,de,2,higher_is_better,90.0,%,Cloud Security,Cloud monitoring platform,daily,83.2,Multi-cloud visibility,DE.CM,DE.CM-01,Continuous Security Monitoring,Networks and network services are monitored
Mobile Device Threat Detection,Percentage of mobile devices with threat detection capabilities,Protected mobile devices / Total mobile devices * 100,de,3,higher_is_better,85.0,%,Mobile Security,Mobile threat defense,daily,76.4,Mobile threat protection,DE.AE,DE.AE-01,Anomalies and Events,"Networks, systems, and assets are monitored to identify potentially malicious activity"
Data Exfiltration Detection Coverage,Percentage of data egress points monitored for exfiltration,Monitored egress points / Total egress points * 100,de,2,higher_is_better,90.0,%,Data Security,Data exfiltration detection,daily,81.7,Data loss monitoring,DE.CM,DE.CM-01,Continuous Security Monitoring,Networks and network services are monitored
Application Performance and Security Monitoring,Percentage of applications with integrated performance and security monitoring,Monitored applications / Total applications * 100,de,3,higher_is_better,75.0,%,App Security,APM security platform,daily,62.1,Application visibility,DE.CM,DE.CM-01,Continuous Security Monitoring,Networks and network services are monitored
DNS Security Monitoring,Percentage of DNS queries analyzed for malicious activity,Analyzed DNS queries / Total DNS queries * 100,de,3,higher_is_better,85.0,%,Network Security,DNS security platform,daily,77.9,DNS-based threat detection,DE.CM,DE.CM-01,Continuous Security Monitoring,Networks and network services are monitored
Email Security Threat Detection Rate,Percentage of email threats detected by security systems,Detected email threats / Total email threats * 100,de,2,higher_is_better,98.0,%,Email Security,Email security platform,daily,95.6,Email-borne threat detection,DE.AE,DE.AE-01,Anomalies and Events,"Networks, systems, and assets are monitored to identify potentially malicious activity"
Web Security Gateway Effectiveness,Percentage of web-based threats blocked,Blocked web threats / Total web threats * 100,de,2,higher_is_better,95.0,%,Web Security,Web security gateway,daily,91.8,Web threat protection,,,,
Security Information Sharing Effectiveness,Percentage of relevant threat intelligence shared with industry peers,Shared intelligence / Relevant intelligence * 100,de,3,higher_is_better,30.0,%,Threat Intelligence,Information sharing platform,monthly,22.7,Collective defense participation,,,,
Container Runtime Security Monitoring,Percentage of containers with runtime security monitoring,Monitored containers / Total containers * 100,de,3,higher_is_better,80.0,%,Container Security,Container security platform,daily,68.4,Runtime container protection,DE.CM,DE.CM-01,Continuous Security Monitoring,Networks and network services are monitored
API Security Monitoring,Percentage of APIs with active security monitoring,Monitored APIs / Total APIs * 100,de,2,higher_is_better,85.0,%,API Security,API security platform,daily,71.3,API threat detection,DE.CM,DE.CM-01,Continuous Security Monitoring,Networks and network services are monitored
Lateral Movement Detection Coverage,Percentage of network segments with lateral movement detection,Segments with detection / Total segments * 100,de,2,higher_is_better,75.0,%,Network Security,Network detection platform,daily,64.7,Internal threat movement,DE.CM,DE.CM-01,Continuous Security Monitoring,Networks and network services are monitored
Security Metrics Dashboard Utilization,Percentage of security metrics actively monitored by stakeholders,Monitored metrics / Total available metrics * 100,de,3,higher_is_better,70.0,%,SecOps,Dashboard analytics,weekly,58.9,Security metrics consumption,,,,
Threat Detection Rule Effectiveness,Percentage of detection rules generating actionable alerts,Effective rules / Total detection rules * 100,de,2,higher_is_better,60.0,%,SecOps,SIEM system,monthly,47.3,Detection rule quality,DE.AE,DE.AE-01,Anomalies and Events,"Networks, systems, and assets are monitored to identify potentially malicious activity"
Security Event Storage Capacity,Percentage of security event storage capacity utilized,Used storage / Total storage capacity * 100,de,3,lower_is_better,80.0,%,SecOps,Log management system,weekly,67.2,Security data retention capacity,DE.AE,DE.AE-01,Anomalies and Events,"Networks, systems, and assets are monitored to identify potentially malicious activity"
Vulnerability Scanner Coverage Overlap,Percentage of assets scanned by multiple vulnerability scanners,Multi-scanned assets / Total assets * 100,de,3,higher_is_better,30.0,%,SecOps,Vulnerability management,weekly,23.1,Scanning redundancy for accuracy,DE.CM,DE.CM-01,Continuous Security Monitoring,Networks and network services are monitored
Security Operations Center Staffing,Percentage of SOC shifts with adequate staffing,Adequately staffed shifts / Total shifts * 100,de,2,higher_is_better,95.0,%,SecOps,SOC management system,weekly,88.9,SOC operational readiness,,,,
Machine Learning Detection Model Accuracy,Percentage accuracy of ML-based threat detection models,Correct ML predictions / Total ML predictions * 100,de,3,higher_is_better,85.0,%,SecOps,ML security platform,monthly,78.4,AI-driven detection effectiveness,DE.AE,DE.AE-01,Anomalies and Events,"Networks, systems, and assets are monitored to identify potentially malicious activity"
Third-Party Security Monitoring Coverage,Percentage of third-party connections monitored for security,Monitored connections / Total third-party connections * 100,de,3,higher_is_better,75.0,%,Vendor Security,Third-party monitoring,daily,61.8,External connection security,DE.CM,DE.CM-01,Continuous Security Monitoring,Networks and network services are monitored
Security Event Enrichment Rate,Percentage of security events enriched with contextual information,Enriched events / Total security events * 100,de,3,higher_is_better,60.0,%,SecOps,SIEM system,daily,47.6,Security event context enhancement,DE.AE,DE.AE-01,Anomalies and Events,"Networks, systems, and assets are monitored to identify potentially malicious activity"
Mean Time to Respond (MTTR),Average time from incident detection to initial response,Sum of response times / Number of incidents,rs,1,lower_is_better,24.0,hours,IR Team,Incident management system,monthly,31.2,Containment speed,RS.MI,RS.MI-02,Mitigation,The impact of incidents is reduced through coordinated response activities
Incident Response Plan Activation,Percentage of incidents with formal IR plan activation,IR plan activations / Total incidents * 100,rs,1,higher_is_better,90.0,%,IR Team,Incident management system,monthly,84.7,Process adherence,RS.MI,RS.MI-02,Mitigation,The impact of incidents is reduced through coordinated response activities
Communication Plan Execution,Percentage of incidents with timely stakeholder communication,Timely communications / Total incidents * 100,rs,2,higher_is_better,85.0,%,IR Team,Communication tracking,monthly,78.9,Internal and external comms,RS.MI,RS.MI-02,Mitigation,The impact of incidents is reduced through coordinated response activities
Containment Effectiveness,Percentage of incidents successfully contained within SLA,Contained incidents / Total incidents * 100,rs,2,higher_is_better,95.0,%,IR Team,Incident management system,monthly,89.3,2-hour containment SLA,RS.MI,RS.MI-02,Mitigation,The impact of incidents is reduced through coordinated response activities
Evidence Collection Success,Percentage of incidents with proper evidence collection,Incidents with evidence / Total incidents * 100,rs,2,higher_is_better,90.0,%,IR Team,Digital forensics tools,monthly,82.1,Legal and forensic requirements,RS.MI,RS.MI-02,Mitigation,The impact of incidents is reduced through coordinated response activities
Post-Incident Review Completion,Percentage of incidents with completed post-incident reviews,Completed reviews / Total incidents * 100,rs,3,higher_is_better,80.0,%,IR Team,Incident management system,monthly,71.4,Lessons learned documentation,RS.MI,RS.MI-02,Mitigation,The impact of incidents is reduced through coordinated response activities
Threat Hunt Execution,Number of proactive threat hunts conducted per month,Count of threat hunting activities,rs,3,higher_is_better,4.0,per month,SecOps,Threat hunting platform,monthly,3.0,Proactive threat detection,,,,
Incident Classification Accuracy,Percentage of incidents correctly classified upon initial assessment,Correctly classified incidents / Total incidents * 100,rs,2,higher_is_better,85.0,%,IR Team,Incident management system,monthly,78.6,Initial assessment quality,RS.MI,RS.MI-02,Mitigation,The impact of incidents is reduced through coordinated response activities
Crisis Management Team Activation Time,Average time to activate crisis management team for major incidents,Sum of activation times / Number of major incidents,rs,2,lower_is_better,60.0,minutes,Crisis Management,Crisis management system,monthly,73.4,Executive response speed,RS.MI,RS.MI-02,Mitigation,The impact of incidents is reduced through coordinated response activities
External Communication Timeliness,Percentage of external communications sent within required timeframes,Timely external comms / Total external comms * 100,rs,2,higher_is_better,90.0,%,Communications,Communication tracking,monthly,84.2,Customer and regulator notification,RS.CO,RS.CO-02,Communications,Communication with internal and external stakeholders occurs during incidents
Digital Forensics Response Time,Average time to begin forensic analysis after request,Sum of forensic start times / Number of requests,rs,2,lower_is_better,4.0,hours,Digital Forensics,Forensics management system,monthly,5.8,Forensic investigation speed,RS.MI,RS.MI-02,Mitigation,The impact of incidents is reduced through coordinated response activities
Incident Response Team Training Currency,Percentage of IR team members with current training,Current trained members / Total IR team members * 100,rs,2,higher_is_better,100.0,%,IR Team,Training management system,quarterly,94.4,Response team readiness,RS.MI,RS.MI-02,Mitigation,The impact of incidents is reduced through coordinated response activities
Automated Response Action Success Rate,Percentage of automated response actions that execute successfully,Successful automated actions / Total automated actions * 100,rs,3,higher_is_better,85.0,%,IR Automation,SOAR platform,weekly,79.2,Security orchestration effectiveness,RS.MI,RS.MI-02,Mitigation,The impact of incidents is reduced through coordinated response activities
Incident Escalation Timeliness,Percentage of incidents escalated within defined timeframes,Timely escalations / Total escalations * 100,rs,2,higher_is_better,90.0,%,IR Team,Incident management system,monthly,85.7,Escalation process effectiveness,RS.MI,RS.MI-02,Mitigation,The impact of incidents is reduced through coordinated response activities
Third-Party Incident Response Coordination,Percentage of vendor incidents with coordinated response,Coordinated responses / Total vendor incidents * 100,rs,3,higher_is_better,75.0,%,Vendor Management,Incident coordination platform,monthly,68.3,Supply chain incident management,RS.MI,RS.MI-02,Mitigation,The impact of incidents is reduced through coordinated response activities
Regulatory Incident Reporting Compliance,Percentage of incidents reported to regulators within required timeframes,Timely regulatory reports / Total reportable incidents * 100,rs,1,higher_is_better,100.0,%,Legal,Regulatory reporting system,monthly,96.2,Compliance reporting accuracy,RS.MI,RS.MI-02,Mitigation,The impact of incidents is reduced through coordinated response activities
Malware Containment Success Rate,Percentage of malware incidents successfully contained,Contained malware incidents / Total malware incidents * 100,rs,2,higher_is_better,95.0,%,IR Team,Malware response system,monthly,91.7,Malware response effectiveness,RS.MI,RS.MI-02,Mitigation,The impact of incidents is reduced through coordinated response activities
Data Breach Response Effectiveness,Average time to secure data after breach detection,Sum of data securing times / Number of breach incidents,rs,1,lower_is_better,2.0,hours,IR Team,Breach response system,monthly,3.2,Data protection response speed,RS.MI,RS.MI-02,Mitigation,The impact of incidents is reduced through coordinated response activities
Incident Response Playbook Usage,Percentage of incidents where response playbooks were utilized,Playbook-guided responses / Total incidents * 100,rs,2,higher_is_better,90.0,%,IR Team,Incident management system,monthly,83.9,Standardized response procedures,RS.MI,RS.MI-02,Mitigation,The impact of incidents is reduced through coordinated response activities
Cross-Functional Response Coordination,Percentage of major incidents with adequate cross-functional coordination,Well-coordinated responses / Total major incidents * 100,rs,2,higher_is_better,85.0,%,IR Team,Incident coordination system,monthly,76.4,Multi-team response effectiveness,RS.MI,RS.MI-02,Mitigation,The impact of incidents is reduced through coordinated response activities
Incident Impact Assessment Accuracy,Percentage of incident impact assessments that prove accurate,Accurate assessments / Total impact assessments * 100,rs,3,higher_is_better,80.0,%,IR Team,Impact assessment system,monthly,72.1,Business impact prediction accuracy,RS.MI,RS.MI-02,Mitigation,The impact of incidents is reduced through coordinated response activities
Legal Hold Implementation Speed,Average time to implement legal hold after incident declaration,Sum of legal hold times / Number of incidents requiring holds,rs,3,lower_is_better,4.0,hours,Legal,Legal hold system,monthly,5.7,Evidence preservation speed,RS.MI,RS.MI-02,Mitigation,The impact of incidents is reduced through coordinated response activities
Incident Response Communication Quality,Quality score of incident communications based on stakeholder feedback,Average communication quality rating,rs,3,higher_is_better,4.0,quality score,Communications,Communication feedback system,monthly,3.6,5-point scale communication assessment,RS.MI,RS.MI-02,Mitigation,The impact of incidents is reduced through coordinated response activities
Threat Actor Attribution Success Rate,Percentage of incidents with successful threat actor attribution,Attributed incidents / Total incidents requiring attribution * 100,rs,3,higher_is_better,40.0,%,Threat Intelligence,Attribution analysis system,monthly,28.7,Threat actor identification,RS.MI,RS.MI-02,Mitigation,The impact of incidents is reduced through coordinated response activities
Incident Recovery Time Tracking,Average time from containment to full service restoration,Sum of recovery times / Number of incidents,rs,2,lower_is_better,8.0,hours,IR Team,Service restoration tracking,monthly,11.4,Business service recovery speed,RS.MI,RS.MI-02,Mitigation,The impact of incidents is reduced through coordinated response activities
Security Incident Cost Tracking,Percentage of incidents with documented response costs,Cost-tracked incidents / Total incidents * 100,rs,3,higher_is_better,70.0,%,IR Team,Incident cost tracking system,monthly,58.2,Financial impact measurement,RS.MI,RS.MI-02,Mitigation,The impact of incidents is reduced through coordinated response activities
Incident Response Stakeholder Satisfaction,Satisfaction score from key stakeholders on incident response,Average stakeholder satisfaction rating,rs,3,higher_is_better,4.0,satisfaction score,IR Team,Stakeholder feedback system,quarterly,3.4,5-point scale satisfaction assessment,RS.MI,RS.MI-02,Mitigation,The impact of incidents is reduced through coordinated response activities
False Positive Incident Rate,Percentage of incident alerts that prove to be false positives,False positive incidents / Total incident alerts * 100,rs,3,lower_is_better,15.0,%,IR Team,Incident management system,monthly,22.1,Incident alert accuracy,RS.MI,RS.MI-02,Mitigation,The impact of incidents is reduced through coordinated response activities
Incident Response Tool Integration,Percentage of response tools integrated with central incident platform,Integrated tools / Total response tools * 100,rs,3,higher_is_better,75.0,%,IR Team,Incident platform integration,quarterly,61.8,Response tool coordination,RS.MI,RS.MI-02,Mitigation,The impact of incidents is reduced through coordinated response activities
Vendor Incident Notification Compliance,Percentage of vendors meeting incident notification SLAs,Compliant vendor notifications / Total vendor incidents * 100,rs,2,higher_is_better,90.0,%,Vendor Management,Vendor incident tracking,monthly,83.6,Supply chain incident transparency,RS.MI,RS.MI-02,Mitigation,The impact of incidents is reduced through coordinated response activities
Backup Restore Success Rate,Percentage of backup restore tests that succeed,Successful restores / Total restore tests * 100,rc,1,higher_is_better,98.0,%,Backup Admin,Backup system,monthly,95.7,Business continuity validation,RC.RP,RC.RP-01,Recovery Planning,"Recovery objectives and priorities are established based on applicable laws, regulations, or policies, and organizational risk tolerance"
Recovery Time Objective (RTO) Achievement,Percentage of systems meeting RTO during tests,Systems meeting RTO / Total systems tested * 100,rc,1,higher_is_better,90.0,%,BCP,DR testing results,quarterly,87.2,Service restoration speed,RC.RP,RC.RP-01,Recovery Planning,"Recovery objectives and priorities are established based on applicable laws, regulations, or policies, and organizational risk tolerance"
Recovery Point Objective (RPO) Achievement,Percentage of systems meeting RPO during tests,Systems meeting RPO / Total systems tested * 100,rc,1,higher_is_better,95.0,%,BCP,DR testing results,quarterly,91.8,Data loss minimization,RC.RP,RC.RP-01,Recovery Planning,"Recovery objectives and priorities are established based on applicable laws, regulations, or policies, and organizational risk tolerance"
Business Continuity Plan Testing,Frequency of business continuity plan testing,Count of BCP tests per year,rc,2,higher_is_better,2.0,per year,BCP,BC management system,quarterly,1.0,Semi-annual full tests,RC.RP,RC.RP-01,Recovery Planning,"Recovery objectives and priorities are established based on applicable laws, regulations, or policies, and organizational risk tolerance"
Communication System Redundancy,Percentage of communication systems with backup capability,Redundant comm systems / Total comm systems * 100,rc,2,higher_is_better,90.0,%,IT Ops,Communication system monitoring,monthly,83.1,Emergency communications,,,,
Vendor Recovery Coordination,Percentage of critical vendors with recovery agreements,Vendors with agreements / Critical vendors * 100,rc,3,higher_is_better,80.0,%,Vendor Mgmt,Vendor management system,quarterly,72.5,Third-party recovery planning,RC.RP,RC.RP-01,Recovery Planning,"Recovery objectives and priorities are established based on applicable laws, regulations, or policies, and organizational risk tolerance"
Staff Recovery Training,Percentage of critical staff trained on recovery procedures,Trained staff / Critical staff * 100,rc,3,higher_is_better,85.0,%,HR/Training,Training management system,quarterly,79.3,Recovery team readiness,RC.RP,RC.RP-01,Recovery Planning,"Recovery objectives and priorities are established based on applicable laws, regulations, or policies, and organizational risk tolerance"
Data Recovery Completeness Testing,Percentage of critical data successfully recovered during tests,Successfully recovered data / Critical data tested * 100,rc,1,higher_is_better,99.0,%,Data Recovery,Data recovery platform,quarterly,96.4,Data restoration verification,RC.RP,RC.RP-01,Recovery Planning,"Recovery objectives and priorities are established based on applicable laws, regulations, or policies, and organizational risk tolerance"
Cloud Service Recovery Testing,Percentage of cloud services with tested recovery procedures,Cloud services tested / Total critical cloud services * 100,rc,2,higher_is_better,85.0,%,Cloud Recovery,Cloud management platform,quarterly,78.1,Cloud-based service recovery,RC.RP,RC.RP-01,Recovery Planning,"Recovery objectives and priorities are established based on applicable laws, regulations, or policies, and organizational risk tolerance"
Alternate Site Readiness,Percentage of alternate sites meeting operational readiness requirements,Ready alternate sites / Total alternate sites * 100,rc,2,higher_is_better,95.0,%,Facilities,Site readiness monitoring,monthly,88.7,Backup facility preparedness,,,,
Supply Chain Recovery Coordination,Percentage of critical suppliers with tested recovery coordination,Tested supplier coordination / Critical suppliers * 100,rc,2,higher_is_better,70.0,%,Supply Chain,Supplier recovery platform,quarterly,58.3,Supply chain resilience testing,RC.RP,RC.RP-01,Recovery Planning,"Recovery objectives and priorities are established based on applicable laws, regulations, or policies, and organizational risk tolerance"
Recovery Process Documentation Currency,Percentage of recovery procedures updated within required timeframe,Current procedures / Total recovery procedures * 100,rc,2,higher_is_better,90.0,%,BCP,Document management system,quarterly,84.6,Recovery documentation maintenance,RC.RP,RC.RP-01,Recovery Planning,"Recovery objectives and priorities are established based on applicable laws, regulations, or policies, and organizational risk tolerance"
Business Impact Analysis Accuracy,Percentage of BIA predictions that prove accurate during actual events,Accurate BIA predictions / Total validated BIAs * 100,rc,2,higher_is_better,80.0,%,BCP,BIA validation system,quarterly,73.9,Business impact prediction quality,,,,
Recovery Team Communication Effectiveness,Percentage of recovery team members reachable during emergency tests,Reachable team members / Total team members * 100,rc,2,higher_is_better,95.0,%,BCP,Emergency communication system,quarterly,91.2,Recovery team connectivity,RC.RP,RC.RP-01,Recovery Planning,"Recovery objectives and priorities are established based on applicable laws, regulations, or policies, and organizational risk tolerance"
Customer Communication During Recovery,Percentage of customers notified within required timeframes during recovery,Timely customer notifications / Total customers * 100,rc,3,higher_is_better,85.0,%,Customer Service,Customer communication platform,quarterly,79.4,Customer recovery communication,RC.RP,RC.RP-01,Recovery Planning,"Recovery objectives and priorities are established based on applicable laws, regulations, or policies, and organizational risk tolerance"
Recovery Resource Availability,Percentage of recovery resources available when needed during tests,Available resources / Required resources * 100,rc,3,higher_is_better,90.0,%,BCP,Resource management system,quarterly,83.7,Recovery resource readiness,RC.RP,RC.RP-01,Recovery Planning,"Recovery objectives and priorities are established based on applicable laws, regulations, or policies, and organizational risk tolerance"
Technology Recovery Testing Coverage,Percentage of critical technologies with recovery testing,Tested technologies / Critical technologies * 100,rc,2,higher_is_better,85.0,%,IT Ops,Technology recovery platform,quarterly,77.8,Technology resilience validation,RC.RP,RC.RP-01,Recovery Planning,"Recovery objectives and priorities are established based on applicable laws, regulations, or policies, and organizational risk tolerance"
Recovery Plan Activation Time,Average time to activate recovery plans after declaration,Sum of activation times / Number of activations,rc,2,lower_is_better,30.0,minutes,BCP,Recovery management system,quarterly,42.1,Recovery plan responsiveness,RC.RP,RC.RP-01,Recovery Planning,"Recovery objectives and priorities are established based on applicable laws, regulations, or policies, and organizational risk tolerance"
Lessons Learned Implementation Rate,Percentage of recovery lessons learned implemented in updated plans,Implemented lessons / Total lessons learned * 100,rc,3,higher_is_better,80.0,%,BCP,Lessons learned system,quarterly,67.5,Continuous improvement adoption,RC.RP,RC.RP-01,Recovery Planning,"Recovery objectives and priorities are established based on applicable laws, regulations, or policies, and organizational risk tolerance"
Recovery Exercise Participation Rate,Percentage of required personnel participating in recovery exercises,Exercise participants / Required participants * 100,rc,2,higher_is_better,90.0,%,BCP,Exercise management system,quarterly,84.9,Recovery exercise engagement,RC.RP,RC.RP-01,Recovery Planning,"Recovery objectives and priorities are established based on applicable laws, regulations, or policies, and organizational risk tolerance"
Data Center Recovery Capability,Percentage of data center services with tested recovery capability,Services with recovery / Total DC services * 100,rc,2,higher_is_better,95.0,%,Data Center,DC recovery platform,quarterly,89.6,Data center resilience,RC.RP,RC.RP-01,Recovery Planning,"Recovery objectives and priorities are established based on applicable laws, regulations, or policies, and organizational risk tolerance"
Recovery Cost Tracking Accuracy,Percentage of recovery costs accurately tracked and reported,Accurate cost tracking / Total recovery events * 100,rc,3,higher_is_better,75.0,%,BCP,Cost tracking system,quarterly,62.7,Financial recovery impact measurement,RC.RP,RC.RP-01,Recovery Planning,"Recovery objectives and priorities are established based on applicable laws, regulations, or policies, and organizational risk tolerance"
Third-Party Recovery SLA Compliance,Percentage of recovery service providers meeting SLA requirements,Compliant providers / Total recovery providers * 100,rc,2,higher_is_better,95.0,%,Vendor Management,SLA monitoring system,monthly,89.3,Recovery service provider performance,RC.RP,RC.RP-01,Recovery Planning,"Recovery objectives and priorities are established based on applicable laws, regulations, or policies, and organizational risk tolerance"
Recovery Capability Maturity Assessment,Overall maturity score of organizational recovery capabilities,Weighted average of recovery capability assessments,rc,2,higher_is_better,3.5,maturity level,BCP,Maturity assessment framework,quarterly,3.1,5-point recovery maturity scale,RC.RP,RC.RP-01,Recovery Planning,"Recovery objectives and priorities are established based on applicable laws, regulations, or policies, and organizational risk tolerance"
Business Service Priority Recovery,Percentage of high-priority business services meeting recovery objectives,Priority services meeting objectives / Total priority services * 100,rc,1,higher_is_better,95.0,%,BCP,Service priority system,quarterly,88.4,Critical service recovery success,RC.RP,RC.RP-01,Recovery Planning,"Recovery objectives and priorities are established based on applicable laws, regulations, or policies, and organizational risk tolerance"
Recovery Communication System Testing,Percentage of communication systems tested for recovery scenarios,Tested comm systems / Total comm systems * 100,rc,3,higher_is_better,85.0,%,Communications,Communication testing platform,quarterly,76.2,Emergency communication readiness,RC.RP,RC.RP-01,Recovery Planning,"Recovery objectives and priorities are established based on applicable laws, regulations, or policies, and organizational risk tolerance"
Regulatory Recovery Reporting Compliance,Percentage of recovery events properly reported to regulators,Compliant regulatory reports / Total reportable events * 100,rc,2,higher_is_better,100.0,%,Legal,Regulatory reporting system,quarterly,97.1,Recovery compliance reporting,RC.RP,RC.RP-01,Recovery Planning,"Recovery objectives and priorities are established based on applicable laws, regulations, or policies, and organizational risk tolerance"
Recovery Team Cross-Training Coverage,Percentage of recovery team roles with cross-trained personnel,Cross-trained roles / Total critical roles * 100,rc,3,higher_is_better,75.0,%,HR/Training,Cross-training tracking system,quarterly,61.8,Recovery team redundancy,RC.RP,RC.RP-01,Recovery Planning,"Recovery objectives and priorities are established based on applicable laws, regulations, or policies, and organizational risk tolerance"
Infrastructure Recovery Automation,Percentage of infrastructure recovery processes that are automated,Automated recovery processes / Total recovery processes * 100,rc,3,higher_is_better,60.0,%,Infrastructure,Recovery automation platform,quarterly,43.2,Infrastructure recovery efficiency,RC.RP,RC.RP-01,Recovery Planning,"Recovery objectives and priorities are established based on applicable laws, regulations, or policies, and organizational risk tolerance"
Recovery Plan Testing Realism,Quality score of recovery plan testing based on real-world scenario similarity,Average realism score from recovery exercises,rc,3,higher_is_better,4.0,realism score,BCP,Exercise evaluation system,quarterly,3.4,5-point scenario realism scale,RC.RP,RC.RP-01,Recovery Planning,"Recovery objectives and priorities are established based on applicable laws, regulations, or policies, and organizational risk tolerance"
Customer Data Recovery Priority,Percentage of customer data recovery meeting priority objectives,Priority data recoveries meeting objectives / Total priority data * 100,rc,2,higher_is_better,98.0,%,Data Recovery,Customer data platform,quarterly,94.6,Customer-critical data restoration,RC.RP,RC.RP-01,Recovery Planning,"Recovery objectives and priorities are established based on applicable laws, regulations, or policies, and organizational risk tolerance"
